{"cameraMode":{"drawMode":0,"name":"Shaded","section":"Shading Mode"},"sceneLighting":true,"audioPlay":false,"sceneViewState":{"showFog":true,"showMaterialUpdate":false,"showSkybox":true,"showFlares":true,"showImageEffects":true,"showParticleSystems":true},"in2DMode":false,"pivot":{"x":0.7497653961181641,"y":-3.8095436096191408,"z":-2.321096420288086},"rotation":{"x":-0.26839056611061098,"y":0.30317115783691409,"z":-0.08941763639450073,"w":-0.9099786281585693},"size":14.134786605834961,"orthographic":false}